{
  "analysis_comments_rows": 7195,
  "topic_docs_rows": 6683,
  "topic_doc_min_words": 5,
  "document_term_matrix_shape": [
    6683,
    1736
  ],
  "candidate_topic_counts": [
    4,
    6,
    8
  ],
  "candidate_eval": [
    {
      "n_topics": 4,
      "perplexity": 981.4464019908007,
      "avg_max_topic_probability": 0.7037561633025629
    },
    {
      "n_topics": 6,
      "perplexity": 992.5294075880877,
      "avg_max_topic_probability": 0.6600142042253094
    },
    {
      "n_topics": 8,
      "perplexity": 1016.7703191725391,
      "avg_max_topic_probability": 0.6298277042193751
    }
  ],
  "chosen_k": 6,
  "chosen_model_perplexity": 992.5294075880877,
  "chosen_model_avg_max_topic_probability": 0.6600142042253094
}